CustomerID,Age,Gender_F,Gender_M,MaritalStatus_Divorced,MaritalStatus_Married,MaritalStatus_Single,MaritalStatus_Widowed,IncomeLevel_High,IncomeLevel_Low,IncomeLevel_Medium
1,1.2296280895906782,False,True,False,False,True,False,False,True,False
2,1.4265471238495815,False,True,False,True,False,False,False,True,False
3,-1.6585177462065699,False,True,False,False,True,False,False,True,False
4,-1.4615987119476666,False,True,False,False,False,True,False,True,False
5,-1.4615987119476666,False,True,True,False,False,False,False,False,True
6,0.9014296991591727,True,False,True,False,False,False,False,False,True
7,-1.06776064342986,True,False,False,True,False,False,True,False,False
8,-0.41136386256684915,False,True,False,False,True,False,False,True,False
9,-0.280084506394247,False,True,True,False,False,False,True,False,False
10,1.6234661581084848,False,True,False,True,False,False,True,False,False
11,0.7045106649002695,False,True,True,False,False,False,False,False,True
12,-0.14880515022164478,True,False,False,True,False,False,False,True,False
13,-1.2646796776887634,True,False,True,False,False,False,False,True,False
14,-0.08316547213534368,False,True,False,False,False,True,False,False,True
15,-0.08316547213534368,False,True,True,False,False,False,False,False,True
16,-0.8708416091709568,True,False,False,False,True,False,False,False,True
17,-1.5928780681202688,False,True,False,True,False,False,False,True,False
18,0.8357900210728716,True,False,False,True,False,False,True,False,False
19,0.9014296991591727,True,False,True,False,False,False,True,False,False
20,-0.14880515022164478,False,True,False,False,True,False,False,True,False
21,1.3609074457632804,False,True,True,False,False,False,True,False,False
22,-0.08316547213534368,True,False,True,False,False,False,False,True,False
23,-0.5426432187394513,True,False,True,False,False,False,False,True,False
24,0.7701503429865705,False,True,False,False,False,True,False,False,True
25,-0.01752579404904259,True,False,False,True,False,False,False,True,False
26,-0.8052019310846557,False,True,False,False,True,False,False,False,True
27,-1.1334003215161612,False,True,False,False,False,True,False,False,True
28,-1.06776064342986,True,False,False,False,False,True,True,False,False
29,-0.34572418448054804,True,False,True,False,False,False,False,False,True
30,1.689105836194786,False,True,True,False,False,False,True,False,False
31,-0.6082828968257524,False,True,True,False,False,False,False,True,False
32,1.689105836194786,True,False,False,True,False,False,True,False,False
33,-1.3303193557750645,False,True,True,False,False,False,True,False,False
34,-0.6739225749120535,False,True,False,False,False,True,True,False,False
35,1.4265471238495815,False,True,False,True,False,False,False,True,False
36,-1.6585177462065699,True,False,False,False,False,True,False,True,False
37,-0.47700354065315026,True,False,False,True,False,False,False,False,True
38,0.6388709868139684,True,False,False,True,False,False,False,True,False
39,-0.08316547213534368,False,True,False,True,False,False,False,False,True
40,1.5578264800221837,True,False,False,False,False,True,False,True,False
41,1.689105836194786,True,False,False,True,False,False,True,False,False
42,0.24503291829616178,False,True,False,False,False,True,False,False,True
43,-0.41136386256684915,False,True,False,False,True,False,False,True,False
44,-0.41136386256684915,True,False,False,False,False,True,False,True,False
45,-0.7395622529983547,True,False,False,False,False,True,False,True,False
46,0.9014296991591727,True,False,False,True,False,False,True,False,False
47,0.4419519525550651,True,False,False,True,False,False,False,False,True
48,-1.5928780681202688,False,True,True,False,False,False,False,False,True
49,-1.06776064342986,True,False,False,False,True,False,False,False,True
50,0.4419519525550651,True,False,False,False,True,False,False,True,False
51,0.376312274468764,False,True,True,False,False,False,False,False,True
52,-1.002120965343559,False,True,False,False,False,True,False,False,True
53,-0.14880515022164478,True,False,False,False,False,True,False,True,False
54,0.6388709868139684,True,False,False,True,False,False,False,True,False
55,-0.9364812872572579,True,False,False,False,True,False,False,True,False
56,1.6234661581084848,True,False,False,True,False,False,False,True,False
57,0.1793932402098607,True,False,True,False,False,False,True,False,False
58,0.5732313087276673,False,True,False,False,True,False,True,False,False
59,-1.6585177462065699,False,True,False,True,False,False,False,False,True
60,-1.6585177462065699,True,False,False,False,True,False,True,False,False
61,0.7045106649002695,False,True,False,False,True,False,False,True,False
62,-1.3303193557750645,True,False,False,True,False,False,True,False,False
63,0.8357900210728716,False,True,False,True,False,False,False,True,False
64,0.9670693772454738,True,False,False,False,True,False,True,False,False
65,-0.5426432187394513,True,False,True,False,False,False,False,True,False
66,-0.6739225749120535,False,True,False,False,False,True,False,False,True
67,-1.3959590338613654,True,False,False,False,True,False,False,False,True
68,1.0327090553317748,True,False,True,False,False,False,True,False,False
69,1.098348733418076,True,False,False,False,True,False,False,True,False
70,0.376312274468764,True,False,False,True,False,False,False,False,True
71,-1.5928780681202688,True,False,True,False,False,False,False,True,False
72,-1.5928780681202688,True,False,True,False,False,False,True,False,False
73,0.9014296991591727,False,True,False,False,True,False,False,True,False
74,1.0327090553317748,False,True,False,False,False,True,False,True,False
75,0.6388709868139684,True,False,False,False,True,False,True,False,False
76,0.8357900210728716,True,False,False,False,False,True,False,False,True
77,-0.9364812872572579,False,True,True,False,False,False,True,False,False
78,1.3609074457632804,False,True,False,False,False,True,False,True,False
79,-0.47700354065315026,False,True,False,True,False,False,True,False,False
80,0.1137535621235596,False,True,False,False,False,True,True,False,False
81,-1.6585177462065699,True,False,False,False,False,True,False,True,False
82,-0.7395622529983547,True,False,True,False,False,False,True,False,False
83,0.6388709868139684,False,True,False,False,False,True,False,False,True
84,-0.8708416091709568,False,True,True,False,False,False,False,False,True
85,1.098348733418076,False,True,False,True,False,False,True,False,False
86,-0.34572418448054804,False,True,False,True,False,False,False,True,False
87,-0.9364812872572579,True,False,False,False,True,False,True,False,False
88,-1.3959590338613654,False,True,False,False,True,False,True,False,False
89,-1.2646796776887634,False,True,False,False,True,False,False,False,True
90,-1.3959590338613654,False,True,False,True,False,False,False,False,True
91,1.4265471238495815,True,False,False,False,False,True,False,True,False
92,-1.4615987119476666,True,False,True,False,False,False,False,True,False
93,-0.8708416091709568,True,False,False,True,False,False,False,True,False
94,0.7045106649002695,False,True,False,False,False,True,True,False,False
95,0.9670693772454738,True,False,False,False,True,False,True,False,False
96,-0.7395622529983547,True,False,True,False,False,False,True,False,False
97,-0.6739225749120535,False,True,False,False,True,False,True,False,False
98,-0.34572418448054804,True,False,True,False,False,False,False,True,False
99,0.6388709868139684,False,True,False,False,False,True,False,True,False
100,-0.14880515022164478,True,False,False,True,False,False,False,True,False
101,-0.6739225749120535,True,False,False,False,True,False,True,False,False
102,-0.8052019310846557,False,True,False,True,False,False,True,False,False
103,-0.280084506394247,False,True,False,False,False,True,False,True,False
104,1.4921868019358826,True,False,False,False,False,True,False,False,True
105,1.5578264800221837,True,False,False,False,False,True,False,True,False
106,-1.3303193557750645,False,True,False,True,False,False,True,False,False
107,1.0327090553317748,True,False,False,True,False,False,True,False,False
108,0.6388709868139684,False,True,True,False,False,False,False,True,False
109,-1.6585177462065699,False,True,False,True,False,False,False,False,True
110,0.376312274468764,False,True,False,True,False,False,False,False,True
111,-1.3303193557750645,True,False,False,False,False,True,True,False,False
112,0.31067259638246286,True,False,True,False,False,False,True,False,False
113,-1.6585177462065699,True,False,False,True,False,False,True,False,False
114,1.5578264800221837,True,False,False,True,False,False,False,True,False
115,1.6234661581084848,True,False,False,False,False,True,True,False,False
116,0.7045106649002695,False,True,False,True,False,False,True,False,False
117,0.5732313087276673,True,False,False,False,False,True,True,False,False
118,1.4921868019358826,False,True,True,False,False,False,False,False,True
119,0.24503291829616178,False,True,False,False,False,True,False,False,True
120,-1.4615987119476666,True,False,False,False,False,True,True,False,False
121,0.5732313087276673,False,True,True,False,False,False,False,False,True
122,1.098348733418076,True,False,False,False,True,False,False,False,True
123,-0.8052019310846557,False,True,False,False,False,True,False,False,True
124,1.4921868019358826,False,True,False,True,False,False,False,False,True
125,0.9014296991591727,False,True,False,False,False,True,False,True,False
126,-0.280084506394247,True,False,True,False,False,False,False,False,True
127,-1.06776064342986,True,False,False,True,False,False,False,False,True
128,-1.6585177462065699,True,False,True,False,False,False,False,False,True
129,-1.002120965343559,True,False,False,False,False,True,False,False,True
130,1.6234661581084848,False,True,True,False,False,False,False,True,False
131,1.163988411504377,True,False,True,False,False,False,False,True,False
132,-0.14880515022164478,True,False,False,False,True,False,True,False,False
133,-1.5272383900339677,False,True,False,False,False,True,False,False,True
134,0.5732313087276673,False,True,False,False,False,True,False,False,True
135,0.6388709868139684,True,False,False,False,False,True,True,False,False
136,0.31067259638246286,False,True,False,False,False,True,False,True,False
137,-1.4615987119476666,True,False,False,True,False,False,True,False,False
138,-0.47700354065315026,False,True,True,False,False,False,False,True,False
139,1.3609074457632804,True,False,False,False,False,True,True,False,False
140,0.6388709868139684,False,True,False,True,False,False,True,False,False
141,-0.34572418448054804,True,False,False,False,False,True,False,False,True
142,-0.5426432187394513,False,True,True,False,False,False,True,False,False
143,1.6234661581084848,True,False,False,False,False,True,False,True,False
144,0.1137535621235596,True,False,False,True,False,False,False,True,False
145,-0.7395622529983547,True,False,False,True,False,False,True,False,False
146,1.0327090553317748,True,False,True,False,False,False,False,True,False
147,-1.5928780681202688,True,False,False,False,False,True,True,False,False
148,0.7045106649002695,True,False,False,True,False,False,False,False,True
149,-1.002120965343559,False,True,False,False,True,False,False,False,True
150,-0.21444482830794587,True,False,False,False,False,True,False,False,True
151,1.163988411504377,False,True,False,False,True,False,False,False,True
152,0.9670693772454738,True,False,False,True,False,False,True,False,False
153,-0.9364812872572579,False,True,False,True,False,False,False,True,False
154,-1.5272383900339677,True,False,True,False,False,False,True,False,False
155,1.689105836194786,False,True,True,False,False,False,False,True,False
156,-0.6082828968257524,True,False,False,False,False,True,True,False,False
157,0.4419519525550651,False,True,False,True,False,False,False,True,False
158,-1.6585177462065699,True,False,False,True,False,False,False,True,False
159,0.8357900210728716,False,True,False,True,False,False,True,False,False
160,-0.41136386256684915,False,True,False,True,False,False,False,False,True
161,1.3609074457632804,False,True,False,False,True,False,True,False,False
162,1.098348733418076,True,False,False,True,False,False,False,False,True
163,1.689105836194786,False,True,True,False,False,False,True,False,False
164,0.9670693772454738,True,False,False,False,False,True,False,True,False
165,-0.8052019310846557,True,False,False,False,False,True,False,False,True
166,0.31067259638246286,True,False,False,False,False,True,False,True,False
167,-0.08316547213534368,True,False,False,False,True,False,False,True,False
168,-1.5272383900339677,False,True,False,True,False,False,False,True,False
169,-1.4615987119476666,True,False,False,False,False,True,True,False,False
170,0.31067259638246286,False,True,True,False,False,False,False,True,False
171,0.5732313087276673,True,False,False,False,True,False,True,False,False
172,1.163988411504377,False,True,False,True,False,False,False,False,True
173,-0.8052019310846557,True,False,False,True,False,False,False,True,False
174,1.4921868019358826,True,False,False,True,False,False,False,False,True
175,0.9670693772454738,False,True,False,True,False,False,False,False,True
176,-1.1334003215161612,True,False,False,False,True,False,True,False,False
177,-0.41136386256684915,True,False,True,False,False,False,False,False,True
178,0.376312274468764,True,False,False,True,False,False,True,False,False
179,-1.1334003215161612,True,False,False,False,True,False,True,False,False
180,0.048113884037258504,True,False,False,False,True,False,False,False,True
181,-1.5272383900339677,True,False,True,False,False,False,False,False,True
182,-1.4615987119476666,True,False,False,False,True,False,False,False,True
183,1.2296280895906782,True,False,False,False,True,False,True,False,False
184,-0.7395622529983547,False,True,False,False,False,True,True,False,False
185,0.4419519525550651,True,False,False,False,False,True,False,False,True
186,-1.3959590338613654,False,True,True,False,False,False,True,False,False
187,-1.4615987119476666,True,False,False,False,False,True,False,False,True
188,1.2952677676769793,False,True,False,False,True,False,True,False,False
189,-0.9364812872572579,False,True,False,False,True,False,True,False,False
190,-0.21444482830794587,False,True,True,False,False,False,False,True,False
191,-0.8052019310846557,True,False,False,False,True,False,False,True,False
192,1.2952677676769793,True,False,True,False,False,False,False,False,True
193,-0.9364812872572579,False,True,False,False,False,True,False,True,False
194,-0.6082828968257524,True,False,False,False,False,True,True,False,False
195,-0.08316547213534368,True,False,False,True,False,False,False,False,True
196,0.24503291829616178,False,True,False,False,False,True,False,True,False
197,-0.280084506394247,True,False,False,True,False,False,False,False,True
198,1.3609074457632804,False,True,False,True,False,False,False,False,True
199,-0.01752579404904259,False,True,False,True,False,False,True,False,False
200,-0.6082828968257524,True,False,False,False,True,False,False,True,False
201,-0.41136386256684915,False,True,False,True,False,False,True,False,False
202,0.5075916306413661,True,False,False,False,False,True,False,False,True
203,0.9670693772454738,True,False,True,False,False,False,False,False,True
204,0.4419519525550651,True,False,False,False,False,True,False,False,True
205,0.7045106649002695,True,False,True,False,False,False,False,True,False
206,-1.2646796776887634,False,True,False,False,False,True,True,False,False
207,-0.280084506394247,True,False,True,False,False,False,True,False,False
208,0.376312274468764,True,False,False,False,False,True,False,True,False
209,-0.8052019310846557,True,False,True,False,False,False,True,False,False
210,-1.1990399996024623,False,True,False,True,False,False,True,False,False
211,-0.08316547213534368,False,True,True,False,False,False,False,False,True
212,-0.6739225749120535,True,False,False,True,False,False,False,False,True
213,1.0327090553317748,True,False,False,False,False,True,False,False,True
214,-0.47700354065315026,True,False,True,False,False,False,False,True,False
215,0.9670693772454738,True,False,True,False,False,False,False,False,True
216,-0.6739225749120535,True,False,False,False,False,True,True,False,False
217,-0.9364812872572579,False,True,False,True,False,False,False,True,False
218,0.8357900210728716,True,False,False,True,False,False,True,False,False
219,1.4265471238495815,False,True,False,False,True,False,False,True,False
220,0.24503291829616178,False,True,False,False,True,False,True,False,False
221,-1.5928780681202688,True,False,False,False,True,False,False,True,False
222,0.376312274468764,False,True,True,False,False,False,True,False,False
223,1.2296280895906782,True,False,True,False,False,False,False,False,True
224,-0.08316547213534368,False,True,True,False,False,False,False,True,False
225,-0.08316547213534368,False,True,False,False,False,True,True,False,False
226,-1.4615987119476666,True,False,False,False,True,False,True,False,False
227,-0.47700354065315026,False,True,False,False,False,True,True,False,False
228,1.4265471238495815,True,False,False,False,True,False,True,False,False
229,-1.4615987119476666,True,False,False,False,True,False,False,False,True
230,1.098348733418076,True,False,True,False,False,False,False,False,True
231,-0.8708416091709568,True,False,False,True,False,False,False,True,False
232,0.8357900210728716,True,False,False,False,True,False,False,True,False
233,0.6388709868139684,True,False,False,True,False,False,True,False,False
234,-0.21444482830794587,False,True,False,False,False,True,False,True,False
235,-1.3303193557750645,False,True,True,False,False,False,True,False,False
236,-0.14880515022164478,True,False,False,False,True,False,False,True,False
237,1.163988411504377,False,True,True,False,False,False,False,True,False
238,0.4419519525550651,False,True,False,False,False,True,True,False,False
239,-0.9364812872572579,True,False,False,True,False,False,False,False,True
240,0.9670693772454738,False,True,True,False,False,False,True,False,False
241,-0.34572418448054804,True,False,True,False,False,False,False,False,True
242,-1.002120965343559,True,False,False,False,True,False,False,True,False
243,1.163988411504377,False,True,False,True,False,False,False,False,True
244,0.7701503429865705,True,False,False,False,False,True,True,False,False
245,0.1793932402098607,True,False,False,False,True,False,False,True,False
246,1.4265471238495815,True,False,True,False,False,False,False,False,True
247,0.9670693772454738,True,False,True,False,False,False,False,False,True
248,-1.5272383900339677,False,True,False,True,False,False,True,False,False
249,0.1137535621235596,True,False,False,False,False,True,False,True,False
250,-0.41136386256684915,False,True,False,False,False,True,False,True,False
251,-0.01752579404904259,True,False,True,False,False,False,False,False,True
252,-0.14880515022164478,False,True,False,False,False,True,False,False,True
253,1.689105836194786,False,True,False,False,True,False,False,False,True
254,1.3609074457632804,True,False,False,True,False,False,False,True,False
255,-0.34572418448054804,False,True,True,False,False,False,False,False,True
256,0.24503291829616178,True,False,False,False,False,True,False,False,True
257,-1.4615987119476666,True,False,False,False,False,True,False,True,False
258,0.6388709868139684,False,True,False,False,True,False,False,True,False
259,0.9014296991591727,False,True,False,False,False,True,True,False,False
260,-1.06776064342986,False,True,False,False,True,False,False,True,False
261,-1.06776064342986,False,True,False,True,False,False,False,True,False
262,1.0327090553317748,True,False,True,False,False,False,True,False,False
263,-0.14880515022164478,False,True,False,False,True,False,False,True,False
264,-1.4615987119476666,True,False,False,False,False,True,True,False,False
265,1.3609074457632804,False,True,False,False,False,True,False,True,False
266,0.048113884037258504,False,True,False,True,False,False,True,False,False
267,1.6234661581084848,True,False,False,False,True,False,False,False,True
268,1.2296280895906782,False,True,True,False,False,False,False,False,True
269,-1.4615987119476666,True,False,False,False,False,True,False,False,True
270,0.376312274468764,False,True,False,False,True,False,True,False,False
271,-1.06776064342986,False,True,False,False,False,True,False,False,True
272,-1.002120965343559,True,False,True,False,False,False,False,True,False
273,0.1137535621235596,True,False,False,False,True,False,True,False,False
274,1.2952677676769793,True,False,False,False,False,True,False,True,False
275,-1.1990399996024623,True,False,True,False,False,False,False,True,False
276,0.9014296991591727,True,False,False,False,True,False,False,True,False
277,-0.280084506394247,True,False,False,False,True,False,True,False,False
278,0.5075916306413661,True,False,False,True,False,False,False,True,False
279,1.2296280895906782,False,True,True,False,False,False,False,False,True
280,0.5732313087276673,True,False,False,False,True,False,True,False,False
281,0.5732313087276673,False,True,False,True,False,False,False,False,True
282,-0.08316547213534368,False,True,False,False,True,False,True,False,False
283,0.5075916306413661,True,False,False,False,False,True,False,True,False
284,-1.3303193557750645,False,True,False,True,False,False,False,False,True
285,0.9670693772454738,False,True,False,False,True,False,True,False,False
286,0.7045106649002695,True,False,False,False,False,True,False,True,False
287,-1.6585177462065699,False,True,False,False,False,True,False,True,False
288,-0.9364812872572579,True,False,False,False,False,True,True,False,False
289,0.5732313087276673,False,True,False,True,False,False,True,False,False
290,-1.3303193557750645,False,True,False,False,False,True,True,False,False
291,-0.6082828968257524,True,False,True,False,False,False,True,False,False
292,-1.1334003215161612,False,True,False,False,True,False,False,False,True
293,-1.5928780681202688,False,True,True,False,False,False,True,False,False
294,-0.5426432187394513,True,False,False,False,False,True,False,True,False
295,1.4921868019358826,True,False,False,False,False,True,False,False,True
296,0.6388709868139684,False,True,True,False,False,False,False,True,False
297,0.1137535621235596,False,True,False,True,False,False,False,True,False
298,0.9670693772454738,True,False,False,False,False,True,True,False,False
299,0.7045106649002695,False,True,False,False,False,True,False,False,True
300,1.4921868019358826,True,False,True,False,False,False,True,False,False
301,-0.01752579404904259,True,False,False,False,False,True,False,True,False
302,-1.4615987119476666,False,True,False,False,False,True,True,False,False
303,0.9014296991591727,True,False,False,True,False,False,True,False,False
304,0.6388709868139684,True,False,False,True,False,False,True,False,False
305,1.6234661581084848,False,True,False,True,False,False,True,False,False
306,0.31067259638246286,True,False,False,True,False,False,True,False,False
307,0.24503291829616178,False,True,False,True,False,False,True,False,False
308,1.5578264800221837,False,True,False,False,False,True,False,False,True
309,0.5075916306413661,False,True,False,False,True,False,True,False,False
310,-0.47700354065315026,True,False,False,False,False,True,False,False,True
311,-0.5426432187394513,False,True,False,False,False,True,True,False,False
312,0.24503291829616178,False,True,False,False,True,False,False,False,True
313,-0.34572418448054804,False,True,True,False,False,False,False,True,False
314,-1.5272383900339677,False,True,False,False,True,False,False,False,True
315,-1.3303193557750645,True,False,False,True,False,False,False,False,True
316,0.7701503429865705,True,False,False,False,False,True,False,True,False
317,-0.8708416091709568,False,True,False,True,False,False,True,False,False
318,1.2296280895906782,True,False,False,False,True,False,True,False,False
319,-1.5272383900339677,True,False,True,False,False,False,False,False,True
320,1.4265471238495815,True,False,True,False,False,False,True,False,False
321,0.1137535621235596,False,True,False,False,False,True,True,False,False
322,-0.280084506394247,True,False,False,False,True,False,False,True,False
323,0.9014296991591727,True,False,False,True,False,False,True,False,False
324,0.9014296991591727,True,False,False,True,False,False,True,False,False
325,-0.9364812872572579,True,False,True,False,False,False,False,False,True
326,-0.21444482830794587,True,False,False,False,False,True,True,False,False
327,0.31067259638246286,False,True,False,False,True,False,True,False,False
328,-0.5426432187394513,True,False,False,True,False,False,False,False,True
329,-1.2646796776887634,True,False,True,False,False,False,False,False,True
330,-1.1990399996024623,False,True,False,False,False,True,False,False,True
331,-0.47700354065315026,False,True,True,False,False,False,True,False,False
332,0.1793932402098607,False,True,False,False,False,True,True,False,False
333,1.163988411504377,False,True,False,False,True,False,True,False,False
334,-0.41136386256684915,True,False,True,False,False,False,True,False,False
335,1.5578264800221837,True,False,False,True,False,False,True,False,False
336,1.0327090553317748,True,False,False,False,False,True,True,False,False
337,0.24503291829616178,True,False,True,False,False,False,False,False,True
338,1.3609074457632804,True,False,False,False,False,True,False,False,True
339,-0.280084506394247,False,True,True,False,False,False,True,False,False
340,-1.06776064342986,True,False,True,False,False,False,False,True,False
341,-0.01752579404904259,False,True,False,False,True,False,False,False,True
342,1.6234661581084848,False,True,False,True,False,False,True,False,False
343,0.4419519525550651,False,True,True,False,False,False,False,False,True
344,0.1137535621235596,True,False,False,False,True,False,False,True,False
345,-1.06776064342986,True,False,False,False,False,True,False,False,True
346,0.1793932402098607,False,True,False,False,False,True,False,False,True
347,1.163988411504377,False,True,True,False,False,False,False,False,True
348,-0.5426432187394513,False,True,False,True,False,False,False,False,True
349,1.0327090553317748,False,True,False,False,False,True,True,False,False
350,-1.6585177462065699,False,True,True,False,False,False,False,True,False
351,-0.21444482830794587,False,True,False,False,False,True,True,False,False
352,-0.6082828968257524,True,False,False,False,True,False,False,False,True
353,1.098348733418076,False,True,True,False,False,False,False,False,True
354,0.7045106649002695,False,True,True,False,False,False,False,False,True
355,0.31067259638246286,False,True,True,False,False,False,False,True,False
356,-0.08316547213534368,False,True,False,False,True,False,False,True,False
357,-1.4615987119476666,False,True,True,False,False,False,True,False,False
358,1.689105836194786,True,False,True,False,False,False,False,False,True
359,-1.1334003215161612,False,True,False,False,True,False,False,True,False
360,0.1137535621235596,True,False,False,False,False,True,False,False,True
361,0.24503291829616178,False,True,False,False,True,False,True,False,False
362,1.3609074457632804,False,True,False,True,False,False,True,False,False
363,-0.14880515022164478,True,False,False,False,True,False,False,True,False
364,0.4419519525550651,False,True,False,False,False,True,True,False,False
365,-0.41136386256684915,True,False,True,False,False,False,False,True,False
366,-1.1334003215161612,True,False,True,False,False,False,False,False,True
367,-1.1990399996024623,True,False,False,False,True,False,False,True,False
368,-0.14880515022164478,True,False,False,True,False,False,True,False,False
369,-0.8052019310846557,True,False,False,False,True,False,False,False,True
370,-0.5426432187394513,True,False,False,True,False,False,True,False,False
371,-1.6585177462065699,False,True,False,False,True,False,False,False,True
372,-0.9364812872572579,True,False,False,True,False,False,False,False,True
373,0.1793932402098607,False,True,False,True,False,False,False,False,True
374,0.7045106649002695,False,True,True,False,False,False,False,False,True
375,-0.01752579404904259,True,False,False,True,False,False,True,False,False
376,0.4419519525550651,True,False,True,False,False,False,False,True,False
377,1.098348733418076,True,False,False,False,True,False,False,False,True
378,-0.7395622529983547,False,True,False,False,True,False,True,False,False
379,-0.21444482830794587,True,False,False,False,True,False,True,False,False
380,0.1793932402098607,True,False,False,False,True,False,True,False,False
381,-0.34572418448054804,False,True,False,False,True,False,False,True,False
382,-0.47700354065315026,True,False,True,False,False,False,True,False,False
383,-1.3959590338613654,False,True,False,False,True,False,True,False,False
384,-0.21444482830794587,True,False,False,True,False,False,False,True,False
385,0.6388709868139684,False,True,False,False,False,True,True,False,False
386,-0.41136386256684915,True,False,True,False,False,False,True,False,False
387,-1.1990399996024623,False,True,False,True,False,False,False,True,False
388,-1.1334003215161612,True,False,False,False,False,True,False,True,False
389,-0.8052019310846557,True,False,False,False,False,True,False,True,False
390,-1.3303193557750645,False,True,True,False,False,False,False,False,True
391,-1.6585177462065699,True,False,False,True,False,False,False,True,False
392,-1.1334003215161612,True,False,False,False,False,True,False,False,True
393,-0.6739225749120535,False,True,False,False,False,True,False,False,True
394,-0.6739225749120535,False,True,True,False,False,False,False,True,False
395,-0.9364812872572579,True,False,False,False,True,False,False,False,True
396,-1.3959590338613654,False,True,False,False,False,True,True,False,False
397,0.9014296991591727,True,False,True,False,False,False,True,False,False
398,0.1793932402098607,True,False,True,False,False,False,False,True,False
399,1.2952677676769793,False,True,False,True,False,False,False,False,True
400,0.048113884037258504,False,True,True,False,False,False,True,False,False
401,-1.002120965343559,True,False,True,False,False,False,False,False,True
402,1.3609074457632804,False,True,False,False,True,False,False,False,True
403,1.5578264800221837,True,False,False,False,False,True,True,False,False
404,0.1137535621235596,False,True,False,True,False,False,False,True,False
405,1.689105836194786,True,False,True,False,False,False,False,False,True
406,0.6388709868139684,True,False,False,True,False,False,True,False,False
407,1.0327090553317748,True,False,False,False,False,True,False,True,False
408,-0.47700354065315026,True,False,True,False,False,False,False,False,True
409,0.5732313087276673,True,False,True,False,False,False,False,False,True
410,1.689105836194786,True,False,False,True,False,False,False,False,True
411,0.31067259638246286,True,False,False,False,True,False,False,False,True
412,1.163988411504377,False,True,False,False,False,True,False,True,False
413,-0.47700354065315026,False,True,False,False,False,True,False,False,True
414,1.2952677676769793,False,True,False,False,False,True,True,False,False
415,-0.14880515022164478,True,False,True,False,False,False,True,False,False
416,-1.5928780681202688,False,True,True,False,False,False,True,False,False
417,-1.2646796776887634,False,True,True,False,False,False,False,True,False
418,1.098348733418076,False,True,False,True,False,False,True,False,False
419,1.4921868019358826,False,True,False,False,False,True,False,False,True
420,0.31067259638246286,True,False,False,False,False,True,False,False,True
421,-0.6082828968257524,True,False,False,False,False,True,True,False,False
422,0.048113884037258504,False,True,False,False,True,False,False,True,False
423,0.6388709868139684,True,False,True,False,False,False,False,True,False
424,1.5578264800221837,True,False,False,False,False,True,False,False,True
425,1.098348733418076,True,False,False,False,False,True,False,False,True
426,-1.06776064342986,True,False,True,False,False,False,True,False,False
427,1.2296280895906782,True,False,True,False,False,False,False,True,False
428,-0.8052019310846557,False,True,False,False,False,True,True,False,False
429,-1.2646796776887634,True,False,False,True,False,False,False,False,True
430,0.8357900210728716,False,True,False,True,False,False,False,False,True
431,0.9014296991591727,True,False,False,True,False,False,True,False,False
432,-1.1334003215161612,False,True,False,True,False,False,False,True,False
433,-0.8052019310846557,False,True,False,False,True,False,False,False,True
434,-1.1990399996024623,True,False,False,True,False,False,False,False,True
435,-0.6082828968257524,False,True,False,False,False,True,False,True,False
436,-0.21444482830794587,True,False,False,False,False,True,False,False,True
437,-0.6739225749120535,False,True,False,False,False,True,False,True,False
438,-0.01752579404904259,False,True,False,True,False,False,False,True,False
439,-1.1334003215161612,True,False,True,False,False,False,False,False,True
440,0.6388709868139684,False,True,False,False,False,True,True,False,False
441,-1.2646796776887634,True,False,False,True,False,False,False,False,True
442,-0.5426432187394513,False,True,False,False,True,False,False,False,True
443,-1.1990399996024623,True,False,False,False,True,False,False,False,True
444,-0.34572418448054804,False,True,False,False,False,True,False,False,True
445,-0.01752579404904259,False,True,True,False,False,False,True,False,False
446,-1.5272383900339677,True,False,False,False,True,False,True,False,False
447,-0.6082828968257524,True,False,False,True,False,False,True,False,False
448,1.6234661581084848,False,True,False,True,False,False,False,True,False
449,1.2952677676769793,True,False,False,False,True,False,True,False,False
450,-0.14880515022164478,False,True,False,False,False,True,False,True,False
451,-0.08316547213534368,False,True,False,False,False,True,False,False,True
452,-1.3959590338613654,False,True,False,False,True,False,True,False,False
453,0.7045106649002695,True,False,False,True,False,False,True,False,False
454,1.2296280895906782,True,False,True,False,False,False,True,False,False
455,1.5578264800221837,True,False,False,True,False,False,True,False,False
456,-0.14880515022164478,False,True,True,False,False,False,True,False,False
457,0.31067259638246286,False,True,True,False,False,False,False,False,True
458,-0.01752579404904259,False,True,False,False,True,False,True,False,False
459,-0.34572418448054804,True,False,False,False,False,True,False,True,False
460,0.5075916306413661,False,True,True,False,False,False,False,True,False
461,0.7701503429865705,True,False,False,True,False,False,True,False,False
462,-0.14880515022164478,True,False,False,False,False,True,False,True,False
463,0.1137535621235596,True,False,False,False,False,True,True,False,False
464,0.24503291829616178,True,False,False,True,False,False,False,False,True
465,0.5075916306413661,True,False,False,False,True,False,False,True,False
466,1.689105836194786,False,True,False,False,False,True,True,False,False
467,1.689105836194786,False,True,True,False,False,False,False,True,False
468,-0.21444482830794587,False,True,False,True,False,False,True,False,False
469,-1.1990399996024623,False,True,True,False,False,False,False,True,False
470,1.0327090553317748,True,False,False,True,False,False,False,False,True
471,1.5578264800221837,True,False,False,True,False,False,False,True,False
472,-1.06776064342986,True,False,False,False,False,True,False,True,False
473,-1.6585177462065699,False,True,False,True,False,False,False,True,False
474,-0.41136386256684915,False,True,False,False,False,True,False,True,False
475,0.7045106649002695,True,False,False,True,False,False,True,False,False
476,-0.5426432187394513,False,True,False,False,False,True,False,False,True
477,-0.34572418448054804,False,True,False,False,False,True,False,False,True
478,1.4921868019358826,False,True,False,False,True,False,False,True,False
479,-1.4615987119476666,True,False,False,False,False,True,False,True,False
480,1.098348733418076,False,True,False,False,False,True,False,False,True
481,-1.5928780681202688,True,False,False,False,False,True,False,False,True
482,-0.34572418448054804,False,True,False,False,True,False,False,False,True
483,0.7045106649002695,True,False,True,False,False,False,False,False,True
484,-1.3959590338613654,False,True,True,False,False,False,False,True,False
485,-0.6082828968257524,False,True,False,False,True,False,False,False,True
486,1.4921868019358826,True,False,False,False,False,True,False,True,False
487,1.4265471238495815,True,False,False,False,False,True,False,True,False
488,-1.002120965343559,True,False,False,True,False,False,False,False,True
489,1.2952677676769793,False,True,True,False,False,False,True,False,False
490,0.9670693772454738,True,False,False,False,False,True,False,True,False
491,0.31067259638246286,False,True,False,False,False,True,False,False,True
492,0.1137535621235596,True,False,True,False,False,False,False,True,False
493,1.163988411504377,False,True,False,False,False,True,True,False,False
494,0.376312274468764,False,True,False,False,True,False,False,False,True
495,-0.34572418448054804,False,True,False,False,False,True,False,True,False
496,-1.2646796776887634,True,False,False,False,False,True,True,False,False
497,-1.06776064342986,False,True,True,False,False,False,True,False,False
498,0.1137535621235596,True,False,False,False,True,False,False,True,False
499,1.4265471238495815,False,True,False,True,False,False,False,False,True
500,0.6388709868139684,False,True,True,False,False,False,False,False,True
501,-0.41136386256684915,False,True,False,True,False,False,False,True,False
502,-0.8708416091709568,False,True,False,True,False,False,True,False,False
503,-0.47700354065315026,True,False,False,False,True,False,True,False,False
504,1.5578264800221837,False,True,False,True,False,False,True,False,False
505,-1.002120965343559,False,True,False,False,True,False,True,False,False
506,0.5732313087276673,True,False,False,False,False,True,False,True,False
507,0.5075916306413661,False,True,False,False,True,False,True,False,False
508,1.163988411504377,True,False,True,False,False,False,False,True,False
509,-1.4615987119476666,True,False,False,True,False,False,False,False,True
510,-0.8708416091709568,False,True,False,False,True,False,False,False,True
511,0.7045106649002695,False,True,True,False,False,False,True,False,False
512,-1.5928780681202688,True,False,False,False,True,False,True,False,False
513,1.5578264800221837,True,False,False,True,False,False,True,False,False
514,-1.6585177462065699,True,False,False,True,False,False,False,False,True
515,0.9014296991591727,True,False,True,False,False,False,False,True,False
516,-0.08316547213534368,True,False,True,False,False,False,False,True,False
517,0.7045106649002695,True,False,True,False,False,False,False,True,False
518,0.6388709868139684,True,False,True,False,False,False,True,False,False
519,-1.3303193557750645,True,False,True,False,False,False,False,True,False
520,-1.2646796776887634,False,True,False,True,False,False,True,False,False
521,-1.4615987119476666,True,False,False,False,False,True,False,False,True
522,0.5732313087276673,False,True,True,False,False,False,False,True,False
523,0.9670693772454738,False,True,False,False,False,True,True,False,False
524,0.5075916306413661,True,False,True,False,False,False,False,True,False
525,0.1793932402098607,True,False,True,False,False,False,False,False,True
526,-1.3959590338613654,False,True,True,False,False,False,False,True,False
527,0.048113884037258504,False,True,False,True,False,False,False,True,False
528,0.4419519525550651,True,False,False,False,False,True,False,False,True
529,1.2952677676769793,True,False,False,True,False,False,True,False,False
530,1.689105836194786,True,False,False,False,True,False,True,False,False
531,-1.06776064342986,True,False,True,False,False,False,True,False,False
532,-1.3303193557750645,False,True,True,False,False,False,False,True,False
533,0.5075916306413661,False,True,False,False,False,True,False,True,False
534,-1.1990399996024623,False,True,False,True,False,False,True,False,False
535,0.31067259638246286,False,True,False,True,False,False,True,False,False
536,-1.1334003215161612,False,True,False,True,False,False,False,True,False
537,-0.34572418448054804,False,True,True,False,False,False,True,False,False
538,-1.1990399996024623,False,True,False,False,False,True,True,False,False
539,-1.4615987119476666,True,False,False,False,True,False,False,True,False
540,-0.280084506394247,True,False,False,False,True,False,False,False,True
541,0.1137535621235596,True,False,False,True,False,False,False,True,False
542,1.2296280895906782,True,False,False,False,False,True,True,False,False
543,-1.4615987119476666,False,True,False,True,False,False,True,False,False
544,0.8357900210728716,False,True,False,True,False,False,False,False,True
545,-0.34572418448054804,True,False,False,True,False,False,False,False,True
546,-1.1990399996024623,False,True,False,False,True,False,False,True,False
547,-0.41136386256684915,False,True,False,False,True,False,False,False,True
548,0.376312274468764,False,True,False,True,False,False,True,False,False
549,-1.6585177462065699,False,True,False,False,False,True,True,False,False
550,-1.3303193557750645,True,False,False,False,True,False,True,False,False
551,0.1137535621235596,True,False,False,True,False,False,True,False,False
552,1.163988411504377,True,False,False,False,True,False,False,False,True
553,0.31067259638246286,True,False,True,False,False,False,True,False,False
554,-1.06776064342986,False,True,True,False,False,False,True,False,False
555,-0.41136386256684915,True,False,False,False,True,False,True,False,False
556,-1.1990399996024623,False,True,False,True,False,False,False,True,False
557,-0.280084506394247,True,False,False,False,True,False,False,True,False
558,0.7701503429865705,False,True,False,False,False,True,True,False,False
559,0.1793932402098607,True,False,False,True,False,False,False,False,True
560,-1.1334003215161612,False,True,False,True,False,False,False,False,True
561,1.163988411504377,False,True,False,True,False,False,False,True,False
562,1.3609074457632804,False,True,False,True,False,False,False,True,False
563,-1.6585177462065699,False,True,False,False,False,True,False,False,True
564,0.9670693772454738,False,True,False,False,True,False,False,True,False
565,1.689105836194786,False,True,False,False,True,False,False,True,False
566,0.8357900210728716,False,True,True,False,False,False,True,False,False
567,-0.01752579404904259,False,True,False,True,False,False,False,False,True
568,-1.002120965343559,False,True,True,False,False,False,True,False,False
569,1.689105836194786,True,False,False,False,False,True,False,True,False
570,0.5732313087276673,True,False,False,False,True,False,False,True,False
571,-0.14880515022164478,True,False,False,False,True,False,False,True,False
572,0.4419519525550651,True,False,False,True,False,False,False,True,False
573,-0.41136386256684915,True,False,False,False,True,False,False,False,True
574,0.048113884037258504,False,True,False,False,False,True,False,False,True
575,-0.7395622529983547,True,False,False,False,False,True,False,False,True
576,0.4419519525550651,True,False,False,True,False,False,False,False,True
577,1.689105836194786,False,True,True,False,False,False,True,False,False
578,-1.2646796776887634,True,False,False,True,False,False,True,False,False
579,0.5075916306413661,True,False,False,False,False,True,True,False,False
580,1.2296280895906782,False,True,False,False,True,False,False,True,False
581,1.6234661581084848,True,False,False,False,True,False,False,False,True
582,1.2952677676769793,True,False,False,False,True,False,False,False,True
583,1.0327090553317748,False,True,False,False,False,True,False,False,True
584,-1.3959590338613654,False,True,True,False,False,False,True,False,False
585,0.24503291829616178,False,True,False,True,False,False,False,True,False
586,0.1137535621235596,False,True,True,False,False,False,False,True,False
587,-0.5426432187394513,True,False,False,False,True,False,False,True,False
588,0.6388709868139684,True,False,False,True,False,False,True,False,False
589,-1.5272383900339677,True,False,False,False,False,True,False,False,True
590,-0.34572418448054804,False,True,False,False,False,True,True,False,False
591,1.2952677676769793,True,False,True,False,False,False,False,False,True
592,-0.6739225749120535,False,True,False,True,False,False,False,True,False
593,0.7045106649002695,True,False,False,False,True,False,False,False,True
594,1.0327090553317748,False,True,True,False,False,False,False,True,False
595,-1.3959590338613654,True,False,False,False,False,True,False,True,False
596,1.5578264800221837,True,False,False,True,False,False,False,True,False
597,1.6234661581084848,False,True,False,True,False,False,False,False,True
598,-0.8052019310846557,False,True,False,False,False,True,True,False,False
599,0.31067259638246286,False,True,False,False,True,False,False,True,False
600,1.2952677676769793,True,False,False,False,True,False,False,False,True
601,-0.14880515022164478,True,False,False,False,False,True,False,True,False
602,0.5732313087276673,False,True,False,False,False,True,False,False,True
603,0.6388709868139684,False,True,False,False,True,False,True,False,False
604,-1.06776064342986,False,True,True,False,False,False,False,True,False
605,0.048113884037258504,False,True,True,False,False,False,False,True,False
606,0.048113884037258504,True,False,False,True,False,False,False,True,False
607,-0.21444482830794587,False,True,False,True,False,False,True,False,False
608,-0.8708416091709568,False,True,True,False,False,False,False,False,True
609,-0.6739225749120535,True,False,False,True,False,False,False,True,False
610,0.5732313087276673,True,False,True,False,False,False,False,True,False
611,0.048113884037258504,False,True,False,True,False,False,True,False,False
612,1.689105836194786,True,False,True,False,False,False,False,False,True
613,0.8357900210728716,False,True,False,True,False,False,True,False,False
614,1.3609074457632804,True,False,False,True,False,False,True,False,False
615,-0.6082828968257524,True,False,True,False,False,False,False,True,False
616,1.4265471238495815,False,True,False,False,True,False,False,False,True
617,0.9670693772454738,True,False,True,False,False,False,False,True,False
618,-1.6585177462065699,False,True,True,False,False,False,False,True,False
619,-1.002120965343559,False,True,False,False,False,True,True,False,False
620,-0.9364812872572579,True,False,False,False,True,False,True,False,False
621,-0.8052019310846557,True,False,False,True,False,False,False,True,False
622,-1.1990399996024623,False,True,False,False,True,False,True,False,False
623,0.31067259638246286,True,False,False,False,True,False,True,False,False
624,-1.2646796776887634,True,False,False,False,True,False,False,False,True
625,1.2952677676769793,True,False,False,False,False,True,False,True,False
626,0.31067259638246286,False,True,False,False,False,True,False,True,False
627,-0.6739225749120535,True,False,False,True,False,False,False,False,True
628,1.0327090553317748,True,False,True,False,False,False,True,False,False
629,0.8357900210728716,False,True,False,False,True,False,False,False,True
630,1.163988411504377,True,False,False,True,False,False,False,False,True
631,-0.47700354065315026,False,True,False,True,False,False,False,False,True
632,-1.1990399996024623,False,True,False,False,False,True,True,False,False
633,0.1793932402098607,False,True,True,False,False,False,False,False,True
634,-1.5928780681202688,False,True,True,False,False,False,False,True,False
635,1.0327090553317748,True,False,False,False,False,True,True,False,False
636,-1.5272383900339677,False,True,False,False,True,False,False,False,True
637,1.6234661581084848,False,True,False,False,False,True,False,False,True
638,0.1793932402098607,False,True,False,True,False,False,False,False,True
639,-0.7395622529983547,True,False,False,False,False,True,False,False,True
640,0.7701503429865705,False,True,True,False,False,False,False,False,True
641,0.1137535621235596,False,True,False,False,True,False,False,False,True
642,0.7045106649002695,False,True,False,True,False,False,False,True,False
643,0.376312274468764,False,True,False,True,False,False,True,False,False
644,0.24503291829616178,False,True,True,False,False,False,False,True,False
645,1.6234661581084848,False,True,False,False,False,True,False,False,True
646,1.3609074457632804,False,True,False,True,False,False,False,False,True
647,0.24503291829616178,False,True,False,False,False,True,False,False,True
648,1.6234661581084848,False,True,False,True,False,False,False,True,False
649,0.5075916306413661,False,True,True,False,False,False,False,False,True
650,-0.8708416091709568,False,True,False,True,False,False,False,True,False
651,0.4419519525550651,False,True,False,True,False,False,True,False,False
652,1.0327090553317748,True,False,False,False,True,False,False,True,False
653,-0.6082828968257524,True,False,False,True,False,False,False,True,False
654,-1.5272383900339677,False,True,True,False,False,False,True,False,False
655,-1.1334003215161612,True,False,False,True,False,False,False,False,True
656,1.689105836194786,True,False,True,False,False,False,False,True,False
657,-1.002120965343559,True,False,False,False,False,True,True,False,False
658,1.4921868019358826,False,True,True,False,False,False,False,True,False
659,0.048113884037258504,True,False,False,False,False,True,False,True,False
660,0.1137535621235596,True,False,False,True,False,False,True,False,False
661,-1.5928780681202688,False,True,True,False,False,False,False,True,False
662,-1.6585177462065699,True,False,False,False,True,False,True,False,False
663,-1.3303193557750645,True,False,True,False,False,False,False,True,False
664,-0.08316547213534368,True,False,False,False,False,True,False,False,True
665,0.5732313087276673,True,False,False,False,False,True,True,False,False
666,-0.6739225749120535,False,True,False,False,True,False,False,False,True
667,-1.4615987119476666,True,False,True,False,False,False,False,True,False
668,1.3609074457632804,False,True,False,True,False,False,False,False,True
669,0.7701503429865705,True,False,True,False,False,False,True,False,False
670,1.163988411504377,True,False,True,False,False,False,False,True,False
671,-0.41136386256684915,True,False,True,False,False,False,True,False,False
672,-0.08316547213534368,True,False,False,False,True,False,False,True,False
673,-1.2646796776887634,True,False,False,False,True,False,False,False,True
674,-0.34572418448054804,False,True,False,False,True,False,False,False,True
675,-1.2646796776887634,False,True,False,False,True,False,True,False,False
676,0.1793932402098607,False,True,False,False,True,False,True,False,False
677,1.689105836194786,True,False,False,True,False,False,False,True,False
678,-1.2646796776887634,False,True,True,False,False,False,True,False,False
679,-1.5272383900339677,True,False,True,False,False,False,True,False,False
680,0.1793932402098607,False,True,False,True,False,False,False,False,True
681,0.1793932402098607,False,True,False,True,False,False,True,False,False
682,0.8357900210728716,False,True,False,True,False,False,True,False,False
683,0.7701503429865705,True,False,False,True,False,False,False,True,False
684,-1.3303193557750645,False,True,False,False,True,False,False,False,True
685,1.2952677676769793,True,False,True,False,False,False,False,False,True
686,-1.06776064342986,False,True,False,True,False,False,False,True,False
687,0.7045106649002695,True,False,False,False,False,True,False,False,True
688,-0.8052019310846557,True,False,False,True,False,False,False,True,False
689,-0.280084506394247,True,False,True,False,False,False,False,True,False
690,0.376312274468764,True,False,False,False,False,True,True,False,False
691,-0.5426432187394513,True,False,False,True,False,False,True,False,False
692,0.6388709868139684,True,False,False,False,True,False,False,True,False
693,1.2952677676769793,True,False,False,False,True,False,True,False,False
694,1.689105836194786,True,False,False,False,False,True,True,False,False
695,-1.1334003215161612,True,False,False,False,True,False,False,False,True
696,-0.01752579404904259,True,False,False,False,False,True,False,False,True
697,-0.280084506394247,False,True,False,True,False,False,True,False,False
698,1.2952677676769793,True,False,True,False,False,False,False,True,False
699,0.7701503429865705,False,True,False,False,False,True,False,True,False
700,-0.21444482830794587,False,True,False,True,False,False,True,False,False
701,-0.6082828968257524,True,False,False,False,False,True,True,False,False
702,-0.01752579404904259,False,True,True,False,False,False,False,True,False
703,1.3609074457632804,True,False,False,False,True,False,False,False,True
704,0.7701503429865705,True,False,False,False,True,False,False,False,True
705,-1.5928780681202688,False,True,False,False,False,True,False,True,False
706,-1.3303193557750645,True,False,True,False,False,False,True,False,False
707,-1.2646796776887634,False,True,False,True,False,False,False,False,True
708,-0.8708416091709568,False,True,False,True,False,False,False,True,False
709,0.048113884037258504,False,True,False,True,False,False,True,False,False
710,-1.002120965343559,False,True,False,False,False,True,True,False,False
711,-0.7395622529983547,True,False,False,False,True,False,False,False,True
712,-1.1334003215161612,True,False,False,False,False,True,True,False,False
713,-1.1990399996024623,True,False,False,False,False,True,False,True,False
714,1.2952677676769793,False,True,False,False,False,True,False,True,False
715,-1.3303193557750645,True,False,False,True,False,False,False,True,False
716,1.4265471238495815,False,True,True,False,False,False,False,True,False
717,1.098348733418076,False,True,False,False,False,True,True,False,False
718,-1.4615987119476666,False,True,False,True,False,False,False,True,False
719,-1.002120965343559,False,True,False,False,False,True,False,False,True
720,1.6234661581084848,False,True,False,False,False,True,True,False,False
721,0.1137535621235596,False,True,False,True,False,False,True,False,False
722,-0.01752579404904259,True,False,True,False,False,False,True,False,False
723,-1.4615987119476666,True,False,True,False,False,False,False,True,False
724,-0.7395622529983547,True,False,False,False,True,False,True,False,False
725,-0.47700354065315026,False,True,False,False,False,True,False,True,False
726,-1.3303193557750645,False,True,False,False,True,False,False,True,False
727,-1.3959590338613654,True,False,False,True,False,False,True,False,False
728,-0.5426432187394513,True,False,False,False,False,True,True,False,False
729,-1.3303193557750645,True,False,False,True,False,False,False,True,False
730,0.31067259638246286,False,True,False,False,True,False,True,False,False
731,-0.08316547213534368,True,False,False,True,False,False,True,False,False
732,-1.4615987119476666,True,False,False,True,False,False,False,True,False
733,-1.3303193557750645,False,True,True,False,False,False,False,True,False
734,0.9670693772454738,False,True,False,False,False,True,True,False,False
735,0.7045106649002695,True,False,False,False,False,True,False,True,False
736,1.5578264800221837,True,False,False,False,False,True,False,True,False
737,-0.08316547213534368,False,True,False,True,False,False,False,False,True
738,0.5075916306413661,False,True,True,False,False,False,True,False,False
739,-0.47700354065315026,False,True,False,False,True,False,True,False,False
740,0.5075916306413661,False,True,False,False,False,True,True,False,False
741,-0.7395622529983547,True,False,False,True,False,False,True,False,False
742,1.5578264800221837,True,False,True,False,False,False,True,False,False
743,-1.1990399996024623,True,False,True,False,False,False,False,True,False
744,1.163988411504377,True,False,False,False,False,True,True,False,False
745,1.3609074457632804,True,False,True,False,False,False,True,False,False
746,1.4921868019358826,False,True,True,False,False,False,False,False,True
747,0.5075916306413661,False,True,False,True,False,False,False,True,False
748,-0.5426432187394513,True,False,False,False,True,False,True,False,False
749,0.24503291829616178,False,True,True,False,False,False,True,False,False
750,-0.8708416091709568,True,False,False,False,True,False,True,False,False
751,1.3609074457632804,True,False,True,False,False,False,True,False,False
752,0.4419519525550651,True,False,True,False,False,False,False,True,False
753,0.5732313087276673,True,False,True,False,False,False,False,False,True
754,1.689105836194786,False,True,False,False,False,True,False,False,True
755,-0.14880515022164478,True,False,False,False,False,True,True,False,False
756,-0.01752579404904259,True,False,False,False,False,True,False,False,True
757,1.3609074457632804,True,False,False,False,True,False,False,False,True
758,1.6234661581084848,False,True,False,False,True,False,False,False,True
759,1.163988411504377,True,False,False,False,False,True,False,False,True
760,1.0327090553317748,False,True,False,False,True,False,False,False,True
761,1.3609074457632804,False,True,False,True,False,False,False,True,False
762,-1.6585177462065699,True,False,False,False,True,False,False,True,False
763,-0.8708416091709568,False,True,False,True,False,False,False,True,False
764,-1.06776064342986,False,True,False,False,False,True,False,False,True
765,-0.47700354065315026,True,False,False,True,False,False,False,True,False
766,-1.3959590338613654,True,False,False,False,False,True,False,False,True
767,-1.1990399996024623,False,True,False,False,False,True,False,False,True
768,-1.4615987119476666,True,False,False,False,False,True,False,True,False
769,1.4921868019358826,False,True,False,False,True,False,True,False,False
770,-0.8708416091709568,True,False,True,False,False,False,False,False,True
771,0.7701503429865705,True,False,True,False,False,False,False,False,True
772,1.2952677676769793,True,False,False,True,False,False,False,True,False
773,1.4921868019358826,False,True,True,False,False,False,False,False,True
774,1.2952677676769793,False,True,False,False,False,True,False,False,True
775,-0.47700354065315026,False,True,True,False,False,False,False,False,True
776,1.689105836194786,True,False,False,True,False,False,False,True,False
777,1.5578264800221837,False,True,False,False,False,True,True,False,False
778,-1.1990399996024623,True,False,False,False,True,False,True,False,False
779,0.048113884037258504,True,False,False,False,False,True,False,True,False
780,1.5578264800221837,False,True,False,False,False,True,False,False,True
781,1.3609074457632804,True,False,False,True,False,False,True,False,False
782,0.24503291829616178,False,True,False,False,True,False,False,True,False
783,-1.4615987119476666,True,False,False,False,False,True,False,True,False
784,-1.002120965343559,False,True,False,False,True,False,False,False,True
785,-0.34572418448054804,True,False,False,False,False,True,False,False,True
786,1.098348733418076,True,False,False,False,False,True,False,True,False
787,-1.5928780681202688,False,True,False,True,False,False,False,True,False
788,-0.34572418448054804,False,True,False,False,False,True,False,True,False
789,-0.6082828968257524,True,False,False,False,False,True,True,False,False
790,1.098348733418076,False,True,False,False,False,True,False,False,True
791,1.6234661581084848,True,False,True,False,False,False,False,True,False
792,0.1793932402098607,True,False,False,False,True,False,False,False,True
793,0.048113884037258504,True,False,False,True,False,False,True,False,False
794,-0.14880515022164478,True,False,False,True,False,False,False,True,False
795,1.4921868019358826,True,False,False,True,False,False,False,False,True
796,-1.5272383900339677,False,True,False,False,False,True,True,False,False
797,0.8357900210728716,False,True,False,False,True,False,False,True,False
798,-1.06776064342986,False,True,True,False,False,False,False,False,True
799,-1.5272383900339677,True,False,True,False,False,False,False,True,False
800,1.2296280895906782,False,True,False,True,False,False,False,False,True
801,1.0327090553317748,False,True,False,False,True,False,False,False,True
802,-0.01752579404904259,False,True,True,False,False,False,True,False,False
803,0.7045106649002695,True,False,False,True,False,False,True,False,False
804,0.048113884037258504,False,True,True,False,False,False,True,False,False
805,-1.3959590338613654,False,True,True,False,False,False,True,False,False
806,1.0327090553317748,False,True,False,False,True,False,True,False,False
807,-1.002120965343559,True,False,False,True,False,False,False,False,True
808,-0.8708416091709568,False,True,True,False,False,False,True,False,False
809,0.9670693772454738,True,False,False,False,False,True,False,False,True
810,0.5075916306413661,True,False,False,False,False,True,False,False,True
811,0.7701503429865705,False,True,True,False,False,False,False,True,False
812,0.9014296991591727,True,False,False,False,True,False,False,False,True
813,0.4419519525550651,False,True,False,False,True,False,False,False,True
814,0.5075916306413661,True,False,True,False,False,False,True,False,False
815,0.048113884037258504,False,True,False,False,True,False,False,False,True
816,0.6388709868139684,False,True,False,False,True,False,True,False,False
817,-0.01752579404904259,True,False,False,False,False,True,False,False,True
818,1.6234661581084848,False,True,False,True,False,False,False,False,True
819,-0.08316547213534368,True,False,False,True,False,False,True,False,False
820,-0.47700354065315026,False,True,True,False,False,False,False,True,False
821,-0.34572418448054804,True,False,True,False,False,False,False,False,True
822,0.31067259638246286,True,False,True,False,False,False,False,False,True
823,0.1793932402098607,True,False,False,False,False,True,True,False,False
824,-1.1334003215161612,True,False,False,False,False,True,True,False,False
825,-0.47700354065315026,True,False,False,False,True,False,False,True,False
826,-0.01752579404904259,False,True,False,False,False,True,False,True,False
827,-0.08316547213534368,False,True,False,True,False,False,False,True,False
828,0.9014296991591727,True,False,False,False,False,True,False,False,True
829,1.098348733418076,False,True,True,False,False,False,False,False,True
830,0.1793932402098607,False,True,False,True,False,False,True,False,False
831,-0.08316547213534368,True,False,False,False,True,False,True,False,False
832,-0.47700354065315026,True,False,False,True,False,False,True,False,False
833,-1.4615987119476666,True,False,False,False,False,True,False,True,False
834,1.2296280895906782,True,False,False,False,False,True,False,True,False
835,-0.41136386256684915,False,True,False,False,True,False,False,True,False
836,1.2952677676769793,False,True,True,False,False,False,False,False,True
837,-1.6585177462065699,True,False,False,False,True,False,False,False,True
838,-1.002120965343559,False,True,False,False,True,False,True,False,False
839,-1.4615987119476666,False,True,False,False,True,False,False,True,False
840,-1.2646796776887634,True,False,False,False,True,False,False,False,True
841,0.1137535621235596,False,True,False,False,False,True,False,True,False
842,0.6388709868139684,False,True,True,False,False,False,False,False,True
843,-1.2646796776887634,True,False,False,True,False,False,False,True,False
844,-0.41136386256684915,False,True,True,False,False,False,False,False,True
845,0.5732313087276673,False,True,True,False,False,False,False,False,True
846,1.6234661581084848,False,True,False,False,True,False,False,False,True
847,1.6234661581084848,True,False,True,False,False,False,False,False,True
848,0.8357900210728716,True,False,False,False,True,False,True,False,False
849,-0.34572418448054804,False,True,False,True,False,False,False,True,False
850,1.163988411504377,True,False,False,False,True,False,False,False,True
851,-1.6585177462065699,False,True,False,True,False,False,False,False,True
852,0.7045106649002695,True,False,True,False,False,False,False,True,False
853,1.2952677676769793,False,True,False,False,True,False,False,False,True
854,1.0327090553317748,True,False,False,False,False,True,False,False,True
855,-1.5272383900339677,False,True,False,True,False,False,False,True,False
856,0.5075916306413661,False,True,True,False,False,False,True,False,False
857,-0.8708416091709568,True,False,False,True,False,False,True,False,False
858,-0.6739225749120535,False,True,False,False,True,False,False,False,True
859,0.5075916306413661,False,True,False,False,False,True,True,False,False
860,-0.14880515022164478,True,False,False,True,False,False,True,False,False
861,-0.8708416091709568,True,False,False,True,False,False,False,False,True
862,-1.3303193557750645,False,True,False,True,False,False,False,False,True
863,0.8357900210728716,False,True,True,False,False,False,True,False,False
864,-1.5928780681202688,False,True,False,False,False,True,False,False,True
865,-1.002120965343559,True,False,False,False,False,True,False,False,True
866,-1.2646796776887634,True,False,False,False,False,True,True,False,False
867,-1.2646796776887634,False,True,False,True,False,False,False,True,False
868,0.8357900210728716,False,True,False,True,False,False,True,False,False
869,0.8357900210728716,False,True,False,True,False,False,True,False,False
870,-0.9364812872572579,False,True,False,True,False,False,True,False,False
871,1.6234661581084848,True,False,False,False,True,False,False,False,True
872,-0.280084506394247,False,True,False,False,True,False,True,False,False
873,1.6234661581084848,False,True,True,False,False,False,False,False,True
874,1.6234661581084848,True,False,False,True,False,False,False,True,False
875,1.689105836194786,True,False,True,False,False,False,True,False,False
876,-1.5272383900339677,True,False,False,False,False,True,False,True,False
877,-0.8708416091709568,True,False,False,True,False,False,True,False,False
878,0.24503291829616178,False,True,False,False,True,False,False,False,True
879,-1.06776064342986,False,True,False,True,False,False,False,True,False
880,1.689105836194786,True,False,False,False,False,True,True,False,False
881,-1.1334003215161612,True,False,True,False,False,False,False,True,False
882,-1.3303193557750645,False,True,False,True,False,False,False,False,True
883,1.163988411504377,False,True,False,False,True,False,False,False,True
884,-1.5928780681202688,False,True,False,False,False,True,True,False,False
885,1.163988411504377,True,False,False,False,False,True,True,False,False
886,-0.6739225749120535,True,False,True,False,False,False,False,True,False
887,-0.8708416091709568,True,False,False,True,False,False,False,False,True
888,1.4265471238495815,False,True,False,False,True,False,False,False,True
889,-0.8708416091709568,False,True,False,True,False,False,True,False,False
890,-0.280084506394247,False,True,False,False,True,False,False,False,True
891,-0.47700354065315026,True,False,True,False,False,False,False,False,True
892,-0.01752579404904259,True,False,False,False,False,True,False,False,True
893,-0.8052019310846557,False,True,True,False,False,False,False,True,False
894,0.31067259638246286,False,True,False,False,False,True,False,True,False
895,0.1793932402098607,True,False,False,True,False,False,False,True,False
896,1.2296280895906782,True,False,False,False,False,True,False,False,True
897,1.0327090553317748,True,False,False,False,True,False,True,False,False
898,-0.280084506394247,False,True,True,False,False,False,True,False,False
899,-1.2646796776887634,False,True,False,False,False,True,True,False,False
900,0.7045106649002695,True,False,False,False,False,True,False,True,False
901,1.4921868019358826,False,True,False,True,False,False,False,False,True
902,0.9670693772454738,True,False,False,True,False,False,False,True,False
903,0.048113884037258504,False,True,False,True,False,False,False,True,False
904,0.31067259638246286,False,True,False,False,True,False,True,False,False
905,-1.3303193557750645,False,True,False,True,False,False,True,False,False
906,-0.6739225749120535,True,False,False,False,False,True,False,False,True
907,0.7701503429865705,False,True,False,False,True,False,False,True,False
908,0.7701503429865705,True,False,False,True,False,False,False,False,True
909,1.5578264800221837,False,True,False,False,False,True,False,True,False
910,0.376312274468764,True,False,False,False,True,False,False,False,True
911,0.4419519525550651,True,False,False,False,False,True,False,True,False
912,1.4921868019358826,True,False,False,True,False,False,False,False,True
913,-0.6082828968257524,True,False,False,True,False,False,False,True,False
914,0.4419519525550651,True,False,False,False,True,False,False,True,False
915,-1.002120965343559,False,True,True,False,False,False,True,False,False
916,-0.8708416091709568,False,True,False,False,False,True,False,True,False
917,0.24503291829616178,True,False,False,False,False,True,True,False,False
918,-1.6585177462065699,True,False,True,False,False,False,False,False,True
919,0.24503291829616178,True,False,True,False,False,False,True,False,False
920,0.048113884037258504,False,True,False,False,False,True,False,True,False
921,0.9014296991591727,True,False,False,False,True,False,True,False,False
922,-0.21444482830794587,False,True,True,False,False,False,True,False,False
923,-0.41136386256684915,True,False,False,True,False,False,False,False,True
924,-1.3303193557750645,False,True,False,False,True,False,True,False,False
925,0.7045106649002695,True,False,True,False,False,False,False,False,True
926,-0.41136386256684915,False,True,False,True,False,False,False,False,True
927,0.7045106649002695,False,True,False,True,False,False,True,False,False
928,-1.3303193557750645,True,False,False,False,False,True,False,True,False
929,0.1793932402098607,True,False,False,False,True,False,False,False,True
930,-0.8708416091709568,True,False,True,False,False,False,True,False,False
931,0.048113884037258504,True,False,False,True,False,False,False,False,True
932,1.5578264800221837,False,True,False,False,False,True,True,False,False
933,-0.41136386256684915,False,True,True,False,False,False,True,False,False
934,-0.8708416091709568,False,True,False,True,False,False,False,True,False
935,0.8357900210728716,False,True,False,False,False,True,True,False,False
936,-1.1990399996024623,False,True,False,True,False,False,False,False,True
937,-0.6082828968257524,False,True,False,False,False,True,False,False,True
938,0.24503291829616178,True,False,False,False,False,True,False,True,False
939,-1.6585177462065699,False,True,False,False,True,False,False,False,True
940,-0.14880515022164478,False,True,True,False,False,False,False,True,False
941,-0.6739225749120535,False,True,False,False,False,True,True,False,False
942,-1.002120965343559,True,False,False,True,False,False,True,False,False
943,-1.4615987119476666,False,True,True,False,False,False,True,False,False
944,-1.4615987119476666,True,False,True,False,False,False,False,True,False
945,-0.6082828968257524,False,True,True,False,False,False,False,False,True
946,1.4921868019358826,False,True,False,False,True,False,False,False,True
947,-1.06776064342986,True,False,False,False,False,True,True,False,False
948,-0.34572418448054804,False,True,False,False,False,True,False,False,True
949,0.7701503429865705,False,True,False,False,False,True,False,True,False
950,1.4921868019358826,True,False,False,False,False,True,False,True,False
951,-0.5426432187394513,True,False,False,True,False,False,False,True,False
952,-1.06776064342986,False,True,False,False,False,True,False,True,False
953,1.2296280895906782,False,True,True,False,False,False,False,False,True
954,-0.6739225749120535,True,False,False,False,False,True,False,True,False
955,0.8357900210728716,True,False,False,False,False,True,False,False,True
956,-0.7395622529983547,True,False,False,False,False,True,True,False,False
957,0.5075916306413661,True,False,False,False,False,True,False,False,True
958,-1.3959590338613654,False,True,False,False,True,False,False,True,False
959,-0.6082828968257524,False,True,True,False,False,False,False,False,True
960,0.7045106649002695,True,False,False,False,True,False,True,False,False
961,-1.1990399996024623,False,True,True,False,False,False,True,False,False
962,-0.14880515022164478,True,False,False,False,False,True,True,False,False
963,0.1137535621235596,True,False,False,False,False,True,False,False,True
964,1.3609074457632804,False,True,True,False,False,False,False,True,False
965,-1.1990399996024623,True,False,True,False,False,False,False,True,False
966,-0.21444482830794587,True,False,False,False,True,False,False,False,True
967,0.5732313087276673,False,True,False,False,True,False,False,True,False
968,0.31067259638246286,False,True,False,True,False,False,False,True,False
969,-0.6082828968257524,True,False,False,True,False,False,False,False,True
970,0.1137535621235596,False,True,False,False,True,False,True,False,False
971,1.4265471238495815,False,True,False,True,False,False,False,True,False
972,1.4265471238495815,False,True,False,False,True,False,True,False,False
973,1.6234661581084848,False,True,False,False,True,False,False,True,False
974,-0.9364812872572579,False,True,False,False,True,False,True,False,False
975,-0.14880515022164478,False,True,False,True,False,False,True,False,False
976,-0.7395622529983547,True,False,True,False,False,False,False,True,False
977,0.9014296991591727,False,True,False,False,False,True,False,True,False
978,0.31067259638246286,True,False,False,True,False,False,False,False,True
979,0.048113884037258504,True,False,False,False,False,True,False,True,False
980,0.5732313087276673,True,False,False,False,False,True,False,True,False
981,-0.5426432187394513,False,True,True,False,False,False,False,False,True
982,0.6388709868139684,False,True,False,True,False,False,True,False,False
983,-1.1990399996024623,True,False,False,False,False,True,False,False,True
984,1.2952677676769793,True,False,True,False,False,False,True,False,False
985,1.4921868019358826,True,False,True,False,False,False,False,False,True
986,0.7701503429865705,True,False,False,False,True,False,False,True,False
987,-1.3959590338613654,False,True,False,True,False,False,False,True,False
988,-0.8052019310846557,True,False,False,False,False,True,True,False,False
989,0.7701503429865705,False,True,True,False,False,False,False,True,False
990,-0.41136386256684915,True,False,False,False,False,True,True,False,False
991,1.163988411504377,False,True,False,True,False,False,False,False,True
992,-1.1334003215161612,False,True,False,False,True,False,False,True,False
993,0.4419519525550651,True,False,False,False,False,True,True,False,False
994,-0.5426432187394513,True,False,False,False,True,False,False,False,True
995,-1.3303193557750645,True,False,True,False,False,False,False,True,False
996,0.7045106649002695,True,False,False,False,True,False,False,True,False
997,-1.5928780681202688,False,True,False,False,False,True,True,False,False
998,0.24503291829616178,False,True,False,True,False,False,False,True,False
999,-1.3303193557750645,False,True,False,False,False,True,True,False,False
1000,-0.6082828968257524,False,True,False,False,False,True,False,True,False
